dataset,IR,method,output_stability,structural_beta_std,structural_beta0_std,structural_total,hyp_C_geom_std,hyp_C_mode,hyp_C_mode_frequency,accuracy_mean,accuracy_std,accuracy_worst,auc_mean,auc_std,auc_worst,fit_time_mean_s,fit_time_std_s,fit_time_total_s,hyp_k_geom_std,hyp_k_mode,hyp_k_mode_frequency
abalone_19_vs_10_11_12_13,49.69,standard,0.000608593259946928,0.4831544879281141,0.3030902522476514,0.7862447401757655,26.14927612785646,100.0,0.38,0.979325153374233,0.003338125862430007,0.9693251533742331,0.6184166666666666,0.0827800021733536,0.4041666666666666,0.06424473959021271,0.028630223025999213,6.42447395902127,,,
abalone_19_vs_10_11_12_13,49.69,stable,1.770489349225736e-05,0.08477300808070835,0.08296944293931537,0.16774245102002372,112.40088987546724,100.0,0.59,0.9815950920245394,4.463264492478967e-16,0.9815950920245399,0.5650208333333334,0.07471612886330245,0.31875000000000003,3.311581165790558,0.8328013121786224,331.1581165790558,1.0777817237205929,0.7,0.73
abalone_19_vs_10_11_12_13,49.69,balanced,1.0905769022841199e-05,0.04896553113989086,0.13109763031257707,0.18006316145246792,56.070821354427274,100.0,0.26,0.9815950920245394,4.463264492478967e-16,0.9815950920245399,0.5718541666666667,0.09356650345547426,0.17291666666666666,6.67175213417504,1.2516124204685797,667.175213417504,1.0782006712817265,0.7,0.5
