dataset,IR,method,output_stability,structural_beta_std,structural_beta0_std,structural_total,hyp_C_geom_std,hyp_C_mode,hyp_C_mode_frequency,accuracy_mean,accuracy_std,accuracy_worst,auc_mean,auc_std,auc_worst,fit_time_mean_s,fit_time_std_s,fit_time_total_s,hyp_k_geom_std,hyp_k_mode,hyp_k_mode_frequency
abalone_19_vs_10_11_12_13,49.69,standard,0.0006158944787136726,0.03686150842091833,0.11172958949778963,0.14859109791870795,32.767431206253335,0.01,0.34,0.9815950920245394,4.463264492478967e-16,0.9815950920245399,0.6243541666666668,0.06380628099810552,0.4625,0.00900819335365668,0.0028064164712236325,0.9008193353656679,,,
abalone_19_vs_10_11_12_13,49.69,stable,8.123791646058058e-05,0.040452775705087166,0.01722442802169065,0.057677203726777815,52.43406573817506,0.001,0.36,0.9815950920245394,4.463264492478967e-16,0.9815950920245399,0.6227291666666666,0.056372695558874183,0.44791666666666663,2.172188929617405,0.06498565249588158,217.2188929617405,1.089532703709269,0.7,0.75
abalone_19_vs_10_11_12_13,49.69,balanced,3.492953519275599e-05,0.02893049954799059,0.007926616919678988,0.03685711646766958,45.59224233770179,0.001,0.39,0.9815950920245394,4.463264492478967e-16,0.9815950920245399,0.6242500000000001,0.056483351241337486,0.4458333333333333,2.1956844808277673,0.0818787833316638,219.56844808277674,1.103180091127075,0.9,0.39
