dataset,IR,method,output_stability,structural_beta_std,structural_beta0_std,structural_total,hyp_C_geom_std,hyp_C_mode,hyp_C_mode_frequency,accuracy_mean,accuracy_std,accuracy_worst,auc_mean,auc_std,auc_worst,fit_time_mean_s,fit_time_std_s,fit_time_total_s,hyp_k_geom_std,hyp_k_mode,hyp_k_mode_frequency
ecoli_0_1_3_7_vs_2_6,39.14,standard,0.003415373756924119,0.2433553819456344,1.1139808753072795,1.357336257252914,15.055555228140515,0.001,0.76,0.973448275862069,0.014584571885574141,0.9655172413793104,1.0,0.0,1.0,0.012155387403909116,0.0024828903830613966,1.2155387403909117,,,
ecoli_0_1_3_7_vs_2_6,39.14,stable,0.003060611293829817,0.1759675102486594,0.8180418202419565,0.9940093304906159,89.76068040667407,0.001,0.75,0.9710344827586206,0.012705274109567939,0.9655172413793104,1.0,0.0,1.0,0.4038917037844658,0.014514564040251043,40.38917037844658,1.0263347655100394,0.7,0.98
ecoli_0_1_3_7_vs_2_6,39.14,balanced,0.0013391841072884724,0.12113268207468865,0.4946086348684461,0.6157413169431347,49.32800106750064,0.001,0.74,0.9679310344827587,0.008842496550904914,0.9655172413793104,1.0,0.0,1.0,0.8846642579277977,0.048680927974626365,88.46642579277977,1.0463635659000252,0.7,0.91
