dataset,IR,method,output_stability,structural_beta_std,structural_beta0_std,structural_total,hyp_C_geom_std,hyp_C_mode,hyp_C_mode_frequency,accuracy_mean,accuracy_std,accuracy_worst,auc_mean,auc_std,auc_worst,fit_time_mean_s,fit_time_std_s,fit_time_total_s,hyp_k_geom_std,hyp_k_mode,hyp_k_mode_frequency
ecoli_0_1_3_7_vs_2_6,39.14,standard,0.0055233921537655925,0.037701183772452254,0.34243261727793656,0.3801338010503888,6.2318317471884495,0.001,0.72,1.0,0.0,1.0,1.0,0.0,1.0,0.004297559165861458,0.00013211018300490434,0.42975591658614576,,,
ecoli_0_1_3_7_vs_2_6,39.14,stable,0.001812100135380458,0.09632245401203483,0.6036900317608377,0.7000124857728726,4.813537286474277,0.001,0.76,0.9734482758620691,0.014584571885574145,0.9655172413793104,1.0,0.0,1.0,0.4183762158988975,0.019116333871316348,41.83762158988975,1.015080727761284,0.7,0.98
ecoli_0_1_3_7_vs_2_6,39.14,balanced,0.001663111506769482,0.09562062988634198,0.600281633680711,0.695902263567053,4.654549871564448,0.001,0.81,0.9679310344827587,0.008842496550904914,0.9655172413793104,1.0,0.0,1.0,0.41793320461409167,0.017090207617470658,41.79332046140917,1.0201345417284473,0.7,0.94
