dataset,IR,method,output_stability,structural_beta_std,structural_beta0_std,structural_total,hyp_C_geom_std,hyp_C_mode,hyp_C_mode_frequency,accuracy_mean,accuracy_std,accuracy_worst,auc_mean,auc_std,auc_worst,fit_time_mean_s,fit_time_std_s,fit_time_total_s,hyp_k_geom_std,hyp_k_mode,hyp_k_mode_frequency
kddcup_land_vs_portsweep,49.52,standard,0.0007571512929067064,0.005264488795303577,0.08179171991468143,0.087056208709985,1.8735268624364068,0.001,0.92,0.9945794392523364,0.006255966201744812,0.9813084112149533,0.9999523809523809,0.00047619047619047397,0.9952380952380953,1.6422962133423424,0.17069796803658657,164.22962133423425,,,
kddcup_land_vs_portsweep,49.52,stable,4.7496654971281916e-05,0.0009081449999782592,0.031531156377771465,0.032439301377749724,1.8048137873248242,0.001,0.93,1.0,0.0,1.0,1.0,2.495040701686017e-17,0.9999999999999999,5.232450447874144,0.6054540266838969,523.2450447874144,1.0000000000000002,0.7,1.0
kddcup_land_vs_portsweep,49.52,balanced,4.933588334080405e-05,0.0008744838366237488,0.033007245883204174,0.033881729719827926,1.8958238349407963,0.001,0.95,1.0,0.0,1.0,1.0,2.495040701686017e-17,0.9999999999999999,5.250177951736841,0.7273449849913018,525.0177951736841,1.0000000000000002,0.7,1.0
