dataset,IR,method,output_stability,structural_beta_std,structural_beta0_std,structural_total,hyp_C_geom_std,hyp_C_mode,hyp_C_mode_frequency,accuracy_mean,accuracy_std,accuracy_worst,auc_mean,auc_std,auc_worst,fit_time_mean_s,fit_time_std_s,fit_time_total_s,hyp_k_geom_std,hyp_k_mode,hyp_k_mode_frequency
kddcup_land_vs_portsweep,49.52,standard,5.7570865795654096e-05,0.0016331448202555295,0.21613627207441236,0.2177694168946679,1.3826278296048007,0.001,0.98,0.9853271028037384,0.004836191494162002,0.9813084112149533,1.0,0.0,1.0,0.06176754995249212,0.028785912740489944,6.176754995249212,,,
kddcup_land_vs_portsweep,49.52,stable,5.448596676966397e-07,0.0002845000573310035,0.005341316465879685,0.005625816523210689,1.6699424450776297,0.001,0.98,0.9813084112149534,1.1158161231197418e-16,0.9813084112149533,1.0,3.156004588861012e-17,0.9999999999999999,16.65541399328271,2.3741388062698956,1665.541399328271,1.0000000000000002,0.7,1.0
kddcup_land_vs_portsweep,49.52,balanced,2.0894193857359033e-05,1.7808037380998866e-05,0.20319254897297911,0.2032103570103601,1.2589254117941673,0.001,0.99,0.9813084112149534,1.1158161231197418e-16,0.9813084112149533,1.0,2.495040701686017e-17,0.9999999999999999,27.33922190837795,3.9587721027669733,2733.922190837795,1.0000000000000002,0.7,1.0
