dataset,IR,method,output_stability,structural_beta_std,structural_beta0_std,structural_total,hyp_C_geom_std,hyp_C_mode,hyp_C_mode_frequency,accuracy_mean,accuracy_std,accuracy_worst,auc_mean,auc_std,auc_worst,fit_time_mean_s,fit_time_std_s,fit_time_total_s,hyp_k_geom_std,hyp_k_mode,hyp_k_mode_frequency
kr_vs_k_zero_vs_eight,53.07,standard,0.00145821108806089,0.9029455726092445,4.921779159575046,5.824724732184291,8.308850565757888,100.0,0.52,0.9931506849315069,0.004566210045662105,0.9794520547945206,0.9973659673659673,0.0044531272082079815,0.9790209790209791,0.12038332580123097,0.0532161580934506,12.038332580123097,,,
kr_vs_k_zero_vs_eight,53.07,stable,9.382701062774884e-05,0.06872003882819637,0.21873469068405202,0.2874547295122484,5.1188815383235555,100.0,0.97,0.9794520547945207,1.1158161231197418e-16,0.9794520547945206,0.9996037296037295,0.0010505848791816774,0.993006993006993,6.214149749567732,0.7556581194916947,621.4149749567732,1.0497269596992291,0.7,0.84
kr_vs_k_zero_vs_eight,53.07,balanced,0.00014248029205321435,0.12970334819959034,0.3920268200247559,0.5217301682243463,28.52260919624172,100.0,0.57,0.9794520547945207,1.1158161231197418e-16,0.9794520547945206,0.9967365967365968,0.0031080031080030954,0.9883449883449884,13.108975950884632,1.3466010104202866,1310.8975950884633,1.0979881763012238,0.7,0.6
