dataset,IR,method,output_stability,structural_beta_std,structural_beta0_std,structural_total,hyp_C_geom_std,hyp_C_mode,hyp_C_mode_frequency,accuracy_mean,accuracy_std,accuracy_worst,auc_mean,auc_std,auc_worst,fit_time_mean_s,fit_time_std_s,fit_time_total_s,hyp_k_geom_std,hyp_k_mode,hyp_k_mode_frequency
kr_vs_k_one_vs_fifteen,27.77,standard,0.002136992164983682,0.31617887425657243,2.67410534175736,2.9902842160139325,10.44727710857552,1.0,0.36,0.9889777777777777,0.012121497969556019,0.9688888888888889,0.9992511520737327,0.0011882430117012657,0.9971198156682027,0.020734955762745814,0.0012037667311966525,1.0367477881372906,,,
kr_vs_k_one_vs_fifteen,27.77,stable,0.004247548340709799,0.13770986236521618,1.3536491609942185,1.4913590233594347,66.98887123720215,100.0,0.7,0.9852444444444446,0.013865131608736671,0.9644444444444444,0.9973041474654377,0.0036883254616355355,0.9879032258064516,1.463088832523208,0.07198290293001827,73.1544416261604,1.0450311372327405,0.7,0.84
kr_vs_k_one_vs_fifteen,27.77,balanced,0.0040001790222985245,0.13483286567512529,1.1886660516275651,1.3234989173026903,60.15135652516125,100.0,0.62,0.9828444444444444,0.014644799200159786,0.9644444444444444,0.9988018433179724,0.0013158325274066464,0.9942396313364055,3.1250515623390673,0.13835665974629718,156.25257811695337,1.042706637381564,0.7,0.84
