dataset,IR,method,output_stability,structural_beta_std,structural_beta0_std,structural_total,hyp_C_geom_std,hyp_C_mode,hyp_C_mode_frequency,accuracy_mean,accuracy_std,accuracy_worst,auc_mean,auc_std,auc_worst,fit_time_mean_s,fit_time_std_s,fit_time_total_s,hyp_k_geom_std,hyp_k_mode,hyp_k_mode_frequency
poker_8_9_vs_6,58.4,standard,0.0010086977918605977,0.0055558364608771305,0.14839002807029666,0.1539458645311738,26.852994498475468,0.001,0.45,0.9798657718120809,3.3474483693592255e-16,0.9798657718120806,0.25194063926940635,0.09451406093248008,0.06621004566210047,0.0067373062041588124,0.0002647912967048369,0.6737306204158813,,,
poker_8_9_vs_6,58.4,stable,7.421201365072595e-06,0.004783700281668457,0.00414147750373555,0.008925177785404007,11.381477246972247,0.001,0.67,0.9798657718120809,3.3474483693592255e-16,0.9798657718120806,0.26470319634703193,0.10861362138651713,0.08447488584474883,2.1177068895846607,0.1209502533958131,211.77068895846605,1.112336210404398,0.9,0.47
poker_8_9_vs_6,58.4,balanced,4.630587659207581e-07,0.0008923167211923883,0.001380186690080395,0.0022725034112727836,13.913891755291287,0.001,0.54,0.9798657718120809,3.3474483693592255e-16,0.9798657718120806,0.16995433789954334,0.09364263424297396,0.05251141552511414,1.8488328833086416,0.11204051065107239,184.88328833086416,1.109964043956034,0.7,0.43
