dataset,IR,method,output_stability,structural_beta_std,structural_beta0_std,structural_total,hyp_C_geom_std,hyp_C_mode,hyp_C_mode_frequency,accuracy_mean,accuracy_std,accuracy_worst,auc_mean,auc_std,auc_worst,fit_time_mean_s,fit_time_std_s,fit_time_total_s,hyp_k_geom_std,hyp_k_mode,hyp_k_mode_frequency
poker_9_vs_7,29.5,standard,0.009055595543261064,1.2339938469398488,5.005922705851898,6.239916552791747,27.048202176716792,0.01,0.44,0.9472,0.03653569683004749,0.76,0.5275,0.3580949610561239,0.0,0.012660243454156443,0.00594996085936885,0.6330121727078222,,,
poker_9_vs_7,29.5,stable,0.0018142695128243824,0.32225323428543445,0.8537686939085108,1.1760219281939452,85.0722611388534,0.01,0.6,0.9576,0.012545427657200073,0.88,0.5741666666666666,0.3568739066684071,0.0,0.3638331367191859,0.02535756315156047,18.191656835959293,1.0981951173548457,0.7,0.8
poker_9_vs_7,29.5,balanced,0.000899312991063269,0.24239674030249653,0.6258561792264017,0.8682529195288982,53.57776614795335,0.01,0.48,0.9592,0.00565685424949237,0.92,0.5158333333333334,0.3159688426471976,0.0,0.8938765874737874,0.06389354127069555,44.69382937368937,1.087324361509067,0.7,0.66
