dataset,IR,method,output_stability,structural_beta_std,structural_beta0_std,structural_total,hyp_C_geom_std,hyp_C_mode,hyp_C_mode_frequency,accuracy_mean,accuracy_std,accuracy_worst,auc_mean,auc_std,auc_worst,fit_time_mean_s,fit_time_std_s,fit_time_total_s,hyp_k_geom_std,hyp_k_mode,hyp_k_mode_frequency
poker_8_vs_6,85.88,standard,1.7052118545395345e-05,0.12759513381738738,0.0810397630068975,0.20863489682428488,77.79780879095786,10.0,0.34,0.9864864864864863,2.2316322462394835e-16,0.9864864864864865,0.4358219178082192,0.40316675819327935,0.0,0.03512617123080417,0.015785508900495394,3.5126171230804175,,,
poker_8_vs_6,85.88,stable,1.3548717701874637e-06,0.00012997198593150744,0.08090775999526603,0.08103773198119754,26.080687199699966,0.001,0.68,0.9864864864864863,2.2316322462394835e-16,0.9864864864864865,0.36609589041095886,0.26953366596361455,0.0,3.6102262853854334,0.8549856588715757,361.02262853854336,1.0826966119627361,0.7,0.41
poker_8_vs_6,85.88,balanced,1.5657052551304964e-06,0.019932155275528017,0.08592145110197168,0.10585360637749969,31.97721773949699,0.1,0.25,0.9864864864864863,2.2316322462394835e-16,0.9864864864864865,0.38291095890410964,0.15530431460063962,0.04452054794520549,7.666204396595713,1.3702573829430948,766.6204396595713,1.08437848373943,0.7,0.45
