dataset,IR,method,output_stability,structural_beta_std,structural_beta0_std,structural_total,hyp_C_geom_std,hyp_C_mode,hyp_C_mode_frequency,accuracy_mean,accuracy_std,accuracy_worst,auc_mean,auc_std,auc_worst,fit_time_mean_s,fit_time_std_s,fit_time_total_s,hyp_k_geom_std,hyp_k_mode,hyp_k_mode_frequency
poker_8_vs_6,85.88,standard,0.0010153755869678985,0.003724800756035659,0.14968198628036336,0.153406787036399,23.872165503197134,0.001,0.6,0.9864864864864863,2.2316322462394835e-16,0.9864864864864865,0.39119863013698625,0.3615247519653781,0.0,0.006937588762957603,0.0006409429465892872,0.6937588762957603,,,
poker_8_vs_6,85.88,stable,2.1875764953044202e-06,0.0024252796583636126,0.003380028643052811,0.005805308301416423,18.490376008352047,0.001,0.48,0.9864864864864863,2.2316322462394835e-16,0.9864864864864865,0.44842465753424654,0.4200712506709826,0.0,2.139917352513876,0.16167022351146978,213.99173525138758,1.1014412886157297,0.7,0.4
poker_8_vs_6,85.88,balanced,2.8642759308620514e-08,0.00015970680947638094,0.000707472531098693,0.0008671793405750739,40.15904768811005,0.001,0.38,0.9864864864864863,2.2316322462394835e-16,0.9864864864864865,0.41934931506849327,0.14284580972509633,0.13698630136986306,1.8220645583304576,0.12616904321451897,182.20645583304577,1.0884036938570705,0.7,0.59
