dataset,IR,method,output_stability,structural_beta_std,structural_beta0_std,structural_total,hyp_C_geom_std,hyp_C_mode,hyp_C_mode_frequency,accuracy_mean,accuracy_std,accuracy_worst,auc_mean,auc_std,auc_worst,fit_time_mean_s,fit_time_std_s,fit_time_total_s,hyp_k_geom_std,hyp_k_mode,hyp_k_mode_frequency
poker_8_9_vs_6,58.4,standard,3.7386325898295605e-05,0.10367423252536398,0.12878767013049272,0.2324619026558567,65.13819421462182,0.001,0.63,0.9798657718120809,3.3474483693592255e-16,0.9798657718120806,0.3189954337899544,0.10067917115474827,0.08675799086757992,0.040812154978048056,0.01761887162369957,4.081215497804806,,,
poker_8_9_vs_6,58.4,stable,5.778969700106669e-06,0.020257358924853593,0.09259797244453437,0.11285533136938797,24.850696191181193,0.001,0.65,0.9798657718120809,3.3474483693592255e-16,0.9798657718120806,0.3054566210045662,0.1102134322391662,0.07534246575342465,3.5023178070411087,0.37310999107851245,350.23178070411086,1.0946633457979933,0.7,0.29
poker_8_9_vs_6,58.4,balanced,4.380072506757276e-06,0.00218461234693503,0.1082874335140817,0.11047204586101672,37.146615815766474,0.1,0.25,0.9798657718120809,3.3474483693592255e-16,0.9798657718120806,0.2269178082191781,0.12448401804828281,0.05022831050228312,8.26498168128077,0.9650365620713417,826.4981681280769,1.0858126758196847,0.7,0.47
