dataset,IR,method,output_stability,structural_beta_std,structural_beta0_std,structural_total,hyp_C_geom_std,hyp_C_mode,hyp_C_mode_frequency,accuracy_mean,accuracy_std,accuracy_worst,auc_mean,auc_std,auc_worst,fit_time_mean_s,fit_time_std_s,fit_time_total_s,hyp_k_geom_std,hyp_k_mode,hyp_k_mode_frequency
polish_bankruptcy_5year,13.41,standard,0.0009932881921834312,1.0506733663512544,0.15499405275509998,1.2056674191063543,12.685302632709298,100.0,0.78,0.9305922165820644,0.0025106335116226236,0.9238578680203046,0.8521161862527716,0.016986402833114252,0.7968070953436807,35.52744034955278,7.593597288406061,3552.744034955278,,,
polish_bankruptcy_5year,13.41,stable,0.0010742252417121202,1.27405067454811,0.1784182008472479,1.4524688753953579,12.419590168518614,100.0,0.77,0.9304737732656513,0.002394064190323309,0.9238578680203046,0.8533481152993349,0.015987174138276793,0.8077161862527716,42.26693274121149,1.2635632860312345,4226.693274121149,1.0218167957143274,0.7,0.97
polish_bankruptcy_5year,13.41,balanced,0.0008739520161921713,0.9691866883692939,0.15755997570687486,1.1267466640761687,14.065817654669987,100.0,0.66,0.9293062605752962,0.0021722098072219248,0.9238578680203046,0.8524181818181817,0.01576471483466048,0.7923281596452328,45.86588497455116,1.6637593550423444,4586.588497455115,1.1022144679604395,0.7,0.41
