dataset,IR,method,output_stability,structural_beta_std,structural_beta0_std,structural_total,hyp_C_geom_std,hyp_C_mode,hyp_C_mode_frequency,accuracy_mean,accuracy_std,accuracy_worst,auc_mean,auc_std,auc_worst,fit_time_mean_s,fit_time_std_s,fit_time_total_s,hyp_k_geom_std,hyp_k_mode,hyp_k_mode_frequency
winequality_white_3_vs_7,44.0,standard,0.0022833209380922225,0.3302301125490692,0.6613678154004119,0.9915979279494811,81.55465603876117,100.0,0.29,0.9851111111111114,0.005289946984105849,0.9777777777777777,0.9022727272727273,0.11401738234915207,0.5284090909090908,0.015665922909975052,0.0018223976777761869,1.5665922909975052,,,
winequality_white_3_vs_7,44.0,stable,0.0012334835184372262,0.14397208570263084,0.3510669667163456,0.4950390524189764,128.96851285538756,100.0,0.6,0.9835555555555557,0.005579074795207572,0.9777777777777777,0.8116477272727274,0.13900997909248974,0.49431818181818177,0.6825668104272336,0.03311637711964561,68.25668104272336,1.1100336231157804,0.7,0.39
winequality_white_3_vs_7,44.0,balanced,0.0005756189380850741,0.1168396238332964,0.25980771913640066,0.37664734296969704,156.55521911091395,100.0,0.4,0.9791111111111109,0.0036288736930121393,0.9777777777777777,0.9142613636363636,0.0892624305531978,0.5795454545454546,1.6294289317121728,0.09412006568513054,162.9428931712173,1.092058664284676,0.7,0.34
