dataset,IR,method,output_stability,structural_beta_std,structural_beta0_std,structural_total,hyp_C_geom_std,hyp_C_mode,hyp_C_mode_frequency,accuracy_mean,accuracy_std,accuracy_worst,auc_mean,auc_std,auc_worst,fit_time_mean_s,fit_time_std_s,fit_time_total_s,hyp_k_geom_std,hyp_k_mode,hyp_k_mode_frequency
winequality_red_4,29.17,standard,0.0006706006696485924,0.3636673525656074,0.370851068163334,0.7345184207289415,34.18503750744165,100.0,0.28,0.9683750000000001,0.0014993621092630899,0.9625,0.7670967741935485,0.06710348373805958,0.6090322580645161,0.015451557460473851,0.0010180017055962302,0.7725778730236925,,,
winequality_red_4,29.17,stable,0.00037243763226000367,0.15960361640576878,0.24006777585274167,0.39967139225851045,37.6563281150726,100.0,0.58,0.96875,0.0,0.96875,0.7592774193548388,0.054172327266162223,0.6116129032258064,0.6631476676347665,0.0373558310284769,33.15738338173833,1.1154932736402163,0.7,0.42
winequality_red_4,29.17,balanced,0.00011673063559537993,0.11201461357974142,0.19010800690231813,0.30212262048205957,59.282380520632465,100.0,0.42,0.96875,0.0,0.96875,0.7513806451612903,0.0609614209638362,0.5948387096774194,1.68661848412361,0.1650018632245563,84.3309242061805,1.1055827326065562,0.7,0.38
