dataset,IR,method,output_stability,structural_beta_std,structural_beta0_std,structural_total,hyp_C_geom_std,hyp_C_mode,hyp_C_mode_frequency,accuracy_mean,accuracy_std,accuracy_worst,auc_mean,auc_std,auc_worst,fit_time_mean_s,fit_time_std_s,fit_time_total_s,hyp_k_geom_std,hyp_k_mode,hyp_k_mode_frequency
winequality_red_3_vs_5,68.1,standard,0.0048087214895172585,0.05072990963138523,0.33716005131160115,0.3878899609429864,12.750922226033907,0.001,0.39,0.9857142857142855,2.2316322462394835e-16,0.9857142857142858,0.36797101449275366,0.16049986467426883,0.07246376811594202,0.005595947955735028,0.0003781182427533835,0.5595947955735028,,,
winequality_red_3_vs_5,68.1,stable,0.002134079341379501,0.06339938081399508,0.25868446607310586,0.32208384688710096,11.10774265488866,0.001,0.61,0.9857142857142855,2.2316322462394835e-16,0.9857142857142858,0.3123188405797101,0.16092863848823286,0.1159420289855072,1.020761138307862,0.042069520922563684,102.0761138307862,1.0069231420593452,0.7,0.99
winequality_red_3_vs_5,68.1,balanced,0.0013431467993439247,0.05162171675377034,0.19719041172011284,0.24881212847388318,17.57718778459493,0.001,0.61,0.9857142857142855,2.2316322462394835e-16,0.9857142857142858,0.3292753623188405,0.12531773767856297,0.1159420289855072,1.006241904112976,0.047541269111679794,100.6241904112976,1.064168581999002,0.8,0.69
