dataset,IR,method,output_stability,structural_beta_std,structural_beta0_std,structural_total,hyp_C_geom_std,hyp_C_mode,hyp_C_mode_frequency,accuracy_mean,accuracy_std,accuracy_worst,auc_mean,auc_std,auc_worst,fit_time_mean_s,fit_time_std_s,fit_time_total_s,hyp_k_geom_std,hyp_k_mode,hyp_k_mode_frequency
winequality_red_8_vs_6_7,46.5,standard,0.0024579377727294623,0.027331276216961832,0.22279357186306947,0.2501248480800313,36.80381009756582,0.001,0.3,0.9767441860465118,2.2316322462394835e-16,0.9767441860465116,0.8192857142857142,0.06328044640544218,0.5892857142857143,0.006463520862162113,0.0003823997137732265,0.6463520862162113,,,
winequality_red_8_vs_6_7,46.5,stable,0.0003471461235218979,0.02788303517453246,0.056491291047455414,0.08437432622198787,39.06355571235027,0.001,0.47,0.9767441860465118,2.2316322462394835e-16,0.9767441860465116,0.8201785714285714,0.05236738832425084,0.6845238095238095,1.1507436745939776,0.05584980330949495,115.07436745939776,1.0577646481296497,0.7,0.76
winequality_red_8_vs_6_7,46.5,balanced,0.00014819098465221193,0.016944070751346484,0.028498568818546538,0.04544263956989302,39.611426736076496,0.001,0.46,0.9767441860465118,2.2316322462394835e-16,0.9767441860465116,0.7905952380952381,0.05118600157183134,0.625,1.1597413416416384,0.05258362751031183,115.97413416416384,1.1033851929226506,0.7,0.31
