dataset,IR,method,output_stability,structural_beta_std,structural_beta0_std,structural_total,hyp_C_geom_std,hyp_C_mode,hyp_C_mode_frequency,accuracy_mean,accuracy_std,accuracy_worst,auc_mean,auc_std,auc_worst,fit_time_mean_s,fit_time_std_s,fit_time_total_s,hyp_k_geom_std,hyp_k_mode,hyp_k_mode_frequency
winequality_red_3_vs_5,68.1,standard,0.0002664814468019996,0.4260863965885002,1.38459128391278,1.8106776805012803,45.45177289630735,0.001,0.5,0.9857142857142855,2.2316322462394835e-16,0.9857142857142858,0.24275362318840585,0.13678448118428874,0.10144927536231885,0.016147893348243087,0.0016841988108758268,1.6147893348243088,,,
winequality_red_3_vs_5,68.1,stable,0.00010293163059230006,0.1557970282979178,0.6161418762589486,0.7719389045568663,188.17542044901415,0.001,0.44,0.9857142857142855,2.2316322462394835e-16,0.9857142857142858,0.2021739130434783,0.06052684606958391,0.1159420289855072,0.6308367341640405,0.02943720210783415,63.083673416404054,1.0939575173037863,0.7,0.59
winequality_red_3_vs_5,68.1,balanced,6.521803719200483e-05,0.13981516728366677,0.5391607510375863,0.6789759183212531,206.73182168310305,0.001,0.58,0.9857142857142855,2.2316322462394835e-16,0.9857142857142858,0.22405797101449276,0.08825026937034612,0.10144927536231885,1.296411649568472,0.08233639008588788,129.6411649568472,1.0834189076939553,0.7,0.48
