dataset,IR,method,output_stability,structural_beta_std,structural_beta0_std,structural_total,hyp_C_geom_std,hyp_C_mode,hyp_C_mode_frequency,accuracy_mean,accuracy_std,accuracy_worst,auc_mean,auc_std,auc_worst,fit_time_mean_s,fit_time_std_s,fit_time_total_s,hyp_k_geom_std,hyp_k_mode,hyp_k_mode_frequency
winequality_white_3_vs_7,44.0,standard,0.003158718204239802,0.04988640215713063,0.2671761051348176,0.31706250729194824,92.52428446871392,0.001,0.31,0.982777777777778,0.005555555555555591,0.9777777777777777,0.8411363636363636,0.13837173105294012,0.5170454545454546,0.006829531218390912,0.003388525707840892,0.6829531218390912,,,
winequality_white_3_vs_7,44.0,stable,0.0005587476851416713,0.044176263925488526,0.08572329598176492,0.12989955990725344,46.41264973686927,0.001,0.3,0.9830000000000001,0.005573483978295501,0.9777777777777777,0.8535227272727274,0.12328626353203666,0.5170454545454545,1.2642152604274453,0.07084444716801534,126.42152604274452,1.0211566953454776,0.7,0.93
winequality_white_3_vs_7,44.0,balanced,0.00020847455492323727,0.024431087080831262,0.04866190739606111,0.07309299447689238,30.722458523544194,0.001,0.4,0.9783333333333332,0.002433810150639908,0.9777777777777777,0.95375,0.06327530640147348,0.6534090909090908,1.2482433220813982,0.0980017993328673,124.82433220813982,1.1183942465437742,0.7,0.54
