dataset,IR,method,output_stability,structural_beta_std,structural_beta0_std,structural_total,hyp_C_geom_std,hyp_C_mode,hyp_C_mode_frequency,accuracy_mean,accuracy_std,accuracy_worst,auc_mean,auc_std,auc_worst,fit_time_mean_s,fit_time_std_s,fit_time_total_s,hyp_k_geom_std,hyp_k_mode,hyp_k_mode_frequency
winequality_red_8_vs_6_7,46.5,standard,0.00028096294968483966,0.2991697980607903,0.6552513250979126,0.954421123158703,66.99557568418706,100.0,0.27,0.9767441860465118,2.2316322462394835e-16,0.9767441860465116,0.803809523809524,0.04969270419606114,0.6964285714285714,0.01504726375453174,0.0007576194910068745,1.5047263754531741,,,
winequality_red_8_vs_6_7,46.5,stable,0.00011855066430563823,0.12872374676621545,0.3847767986710004,0.5135005454372159,252.10285513826264,0.001,0.55,0.9767441860465118,2.2316322462394835e-16,0.9767441860465116,0.8107142857142858,0.04827589309760492,0.6904761904761905,0.6775163716822863,0.031954658150282,67.75163716822863,1.0903864275996105,0.7,0.47
winequality_red_8_vs_6_7,46.5,balanced,4.934116362892673e-05,0.09573987098541324,0.3047347612967656,0.40047463228217883,111.53033863892111,0.001,0.36,0.9767441860465118,2.2316322462394835e-16,0.9767441860465116,0.7788690476190477,0.042943027287506146,0.6488095238095238,1.550346088395454,0.07327808955082253,155.0346088395454,1.0959087531682548,0.7,0.44
