dataset,IR,method,output_stability,structural_beta_std,structural_beta0_std,structural_total,hyp_C_geom_std,hyp_C_mode,hyp_C_mode_frequency,accuracy_mean,accuracy_std,accuracy_worst,auc_mean,auc_std,auc_worst,fit_time_mean_s,fit_time_std_s,fit_time_total_s,hyp_k_geom_std,hyp_k_mode,hyp_k_mode_frequency
yeast6,41.4,standard,0.00389774236430628,0.05600841760198123,0.3153340276599177,0.3713424452618989,31.09636003042712,0.1,0.25,0.9743624161073825,0.0032179720164845975,0.9664429530201343,0.9750689655172411,0.003227148853839041,0.9689655172413792,0.006938847878482193,0.0011377640049833639,0.6938847878482193,,,
yeast6,41.4,stable,0.0017945575894303361,0.05309052746833067,0.21140342267808812,0.2644939501464188,20.393119645622377,0.001,0.25,0.974496644295302,0.0030165541944664038,0.9731543624161074,0.9764999999999998,0.003689368700161865,0.9689655172413792,2.0697442099661565,0.07539685826757421,206.97442099661566,1.0000000000000002,0.7,1.0
yeast6,41.4,balanced,0.0010846078023828917,0.039106438598782635,0.14601175751613688,0.1851181961149195,24.406094793757575,1.0,0.29,0.9731543624161073,1.1158161231197418e-16,0.9731543624161074,0.9803448275862067,0.0028367548506788584,0.9724137931034482,1.932363165828865,0.05404523543142071,193.2363165828865,1.1023623457518494,0.9,0.29
