dataset,IR,method,output_stability,structural_beta_std,structural_beta0_std,structural_total,hyp_C_geom_std,hyp_C_mode,hyp_C_mode_frequency,accuracy_mean,accuracy_std,accuracy_worst,auc_mean,auc_std,auc_worst,fit_time_mean_s,fit_time_std_s,fit_time_total_s,hyp_k_geom_std,hyp_k_mode,hyp_k_mode_frequency
yeast6,41.4,standard,0.0012347101941876943,0.3210903516167498,1.0824150582049104,1.4035054098216602,46.415888336127786,0.1,0.26,0.9790604026845638,0.0059019713459834006,0.9731543624161074,0.9773448275862066,0.003959189596695066,0.9706896551724138,0.01660578080220148,0.0013064456460592916,1.660578080220148,,,
yeast6,41.4,stable,0.0006289609795000315,0.1747308254462382,0.6218167702506119,0.7965475956968501,82.61681895910915,100.0,0.72,0.9740268456375838,0.0022684407314740303,0.9731543624161074,0.9796551724137929,0.0024505829466162387,0.9741379310344828,0.6604084188118577,0.030486417547972204,66.04084188118577,1.0973501391987968,0.7,0.59
yeast6,41.4,balanced,0.00033261987679473825,0.14567656413158875,0.47449840498557794,0.6201749691171667,69.38691100932635,100.0,0.74,0.9731543624161073,1.1158161231197418e-16,0.9731543624161074,0.9817068965517239,0.002162839028317868,0.9741379310344828,1.340959097009618,0.07742855837565575,134.09590970096178,1.1043200580119419,0.7,0.4
